run_id;window_years;is_benchmark;war_pct;training_time;f1_score
1;1;0;18.103448275862068;8565.441772222519;0.30656933784484863
2;1;1;18.103448275862068;7787.544054985046;0.30656933784484863
